<?xml version="1.0" encoding="UTF-8"?><MD_Metadata xmlns:xlink="http://www.w3.org/1999/xlink" xmlns:srv="http://www.isotc211.org/2005/srv" xmlns:gts="http://www.isotc211.org/2005/gts" xmlns:xalan="http://xml.apache.org/xalan" xmlns:gco="http://www.isotc211.org/2005/gco" xmlns:gml="http://www.opengis.net/gml" xmlns:xsi="http://www.w3.org/2001/XMLSchema-instance" xmlns="http://www.isotc211.org/2005/gmd">
    <language>
        <LanguageCode codeList="http://www.loc.gov/standards/iso639-2/php/code_list.php" codeListValue="eng" codeSpace="ISO639-2">eng</LanguageCode>
    </language>
    <characterSet>
        <MD_CharacterSetCode codeList="http://www.isotc211.org/2005/resources/Codelist/gmxCodelists.xml#MD_CharacterSetCode" codeListValue="8859part1" codeSpace="ISOTC211/19115">8859part1</MD_CharacterSetCode>
    </characterSet>
    <hierarchyLevel>
        <MD_ScopeCode codeList="http://www.isotc211.org/2005/resources/Codelist/gmxCodelists.xml#MD_ScopeCode" codeListValue="dataset" codeSpace="ISOTC211/19115">dataset</MD_ScopeCode>
    </hierarchyLevel>
    <hierarchyLevelName>
        <gco:CharacterString>dataset</gco:CharacterString>
    </hierarchyLevelName>
    <contact gco:nilReason="missing"/>
    <dateStamp>
        <gco:Date>2012-10-12</gco:Date>
    </dateStamp>
    <metadataStandardName>
        <gco:CharacterString>ISO 19139 Geographic Information - Metadata - Implementation Specification</gco:CharacterString>
    </metadataStandardName>
    <metadataStandardVersion>
        <gco:CharacterString>2007</gco:CharacterString>
    </metadataStandardVersion>
    <spatialRepresentationInfo>
        <MD_VectorSpatialRepresentation>
            <topologyLevel>
                <MD_TopologyLevelCode codeList="http://www.isotc211.org/2005/resources/Codelist/gmxCodelists.xml#MD_TopologyLevelCode" codeListValue="geometryOnly" codeSpace="ISOTC211/19115">geometryOnly</MD_TopologyLevelCode>
            </topologyLevel>
            <geometricObjects>
                <MD_GeometricObjects>
                    <geometricObjectType>
                        <MD_GeometricObjectTypeCode codeList="http://www.isotc211.org/2005/resources/Codelist/gmxCodelists.xml#MD_GeometricObjectTypeCode" codeListValue="composite" codeSpace="ISOTC211/19115">composite</MD_GeometricObjectTypeCode>
                    </geometricObjectType>
                    <geometricObjectCount>
                        <gco:Integer>4151</gco:Integer>
                    </geometricObjectCount>
                </MD_GeometricObjects>
            </geometricObjects>
        </MD_VectorSpatialRepresentation>
    </spatialRepresentationInfo>
    <referenceSystemInfo>
        <MD_ReferenceSystem>
            <referenceSystemIdentifier>
                <RS_Identifier>
                    <code>
                        <gco:CharacterString>NAD_1983_StatePlane_Kentucky_North_FIPS_1601_Feet</gco:CharacterString>
                    </code>
                    <codeSpace>
                        <gco:CharacterString>EPSG</gco:CharacterString>
                    </codeSpace>
                    <version>
                        <gco:CharacterString>7.4.1</gco:CharacterString>
                    </version>
                </RS_Identifier>
            </referenceSystemIdentifier>
        </MD_ReferenceSystem>
    </referenceSystemInfo>
    <identificationInfo>
        <MD_DataIdentification>
            <citation>
                <CI_Citation>
                    <title>
                        <gco:CharacterString>Census Block - 2010</gco:CharacterString>
                    </title>
                    <date gco:nilReason="missing"/>
                    <presentationForm>
                        <CI_PresentationFormCode codeList="http://www.isotc211.org/2005/resources/Codelist/gmxCodelists.xml#CI_PresentationFormCode" codeListValue="mapDigital" codeSpace="ISOTC211/19115">mapDigital</CI_PresentationFormCode>
                    </presentationForm>
                </CI_Citation>
            </citation>
            <abstract>
                <gco:CharacterString>The TIGER/Line Files are shapefiles and related database files (.dbf) that are an extract of selected geographic and cartographic information from the U.S. Census Bureau's Master Address File / Topologically Integrated Geographic Encoding and Referencing (MAF/TIGER) Database (MTDB). The MTDB represents a seamless national file with no overlaps or gaps between parts, however, each TIGER/Line File is designed to stand alone as an independent data set, or they can be combined to cover the entire nation. Census Blocks are statistical areas bounded on all sides by visible features, such as streets, roads, streams, and railroad tracks, and/or by nonvisible boundaries such as city, town, township, and county limits, and short line-of-sight extensions of streets and roads. Census blocks are relatively small in area; for example, a block in a city bounded by streets. However, census blocks in remote areas are often large and irregular and may even be many square miles in area. A common misunderstanding is that data users think census blocks are used geographically to build all other census geographic areas, rather all other census geographic areas are updated and then used as the primary constraints, along with roads and water features, to delineate the tabulation blocks. As a result, all 2010 Census blocks nest within every other 2010 Census geographic area, so that Census Bureau statistical data can be tabulated at the block level and aggregated up to the appropriate geographic areas. Census blocks cover all territory in the United States, Puerto Rico, and the Island Areas (American Samoa, Guam, the Commonwealth of the Northern Mariana Islands, and the U.S. Virgin Islands). Blocks are the smallest geographic areas for which the Census Bureau publishes data from the decennial census. A block may consist of one or more faces.In order for others to use the information in the Census MAF/TIGER database in a geographic information system (GIS) or for other geographic applications, the Census Bureau releases to the public extracts of the database in the form of TIGER/Line Shapefiles.</gco:CharacterString>
            </abstract>
            <purpose>
                <gco:CharacterString>US Census Bureau's year 2010 Census Block Boundaries for Lexington-Fayette County, Kentucky. (Polygon)</gco:CharacterString>
            </purpose>
            <credit>
                <gco:CharacterString>US Census Bureau, LFUCG GIS</gco:CharacterString>
            </credit>
            <descriptiveKeywords>
                <MD_Keywords>
                    <keyword>
                        <gco:CharacterString>Downloadable Data</gco:CharacterString>
                    </keyword>
                    <thesaurusName uuidref="723f6998-058e-11dc-8314-0800200c9a66"/>
                </MD_Keywords>
            </descriptiveKeywords>
            <descriptiveKeywords>
                <MD_Keywords>
                    <keyword>
                        <gco:CharacterString>static</gco:CharacterString>
                    </keyword>
                    <keyword>
                        <gco:CharacterString>open data</gco:CharacterString>
                    </keyword>
                    <keyword>
                        <gco:CharacterString>planning</gco:CharacterString>
                    </keyword>
                    <keyword>
                        <gco:CharacterString>urban services</gco:CharacterString>
                    </keyword>
                    <keyword>
                        <gco:CharacterString>boundary</gco:CharacterString>
                    </keyword>
                    <keyword>
                        <gco:CharacterString>lfucg gis</gco:CharacterString>
                    </keyword>
                    <keyword>
                        <gco:CharacterString>lfucg</gco:CharacterString>
                    </keyword>
                    <keyword>
                        <gco:CharacterString>hub miscellaneous</gco:CharacterString>
                    </keyword>
                </MD_Keywords>
            </descriptiveKeywords>
            <descriptiveKeywords>
                <MD_Keywords>
                    <keyword>
                        <gco:CharacterString>static</gco:CharacterString>
                    </keyword>
                    <keyword>
                        <gco:CharacterString>open data</gco:CharacterString>
                    </keyword>
                    <keyword>
                        <gco:CharacterString>planning</gco:CharacterString>
                    </keyword>
                    <keyword>
                        <gco:CharacterString>urban services</gco:CharacterString>
                    </keyword>
                    <keyword>
                        <gco:CharacterString>boundary</gco:CharacterString>
                    </keyword>
                    <keyword>
                        <gco:CharacterString>lfucg gis</gco:CharacterString>
                    </keyword>
                    <keyword>
                        <gco:CharacterString>lfucg</gco:CharacterString>
                    </keyword>
                    <keyword>
                        <gco:CharacterString>hub miscellaneous</gco:CharacterString>
                    </keyword>
                </MD_Keywords>
            </descriptiveKeywords>
            <descriptiveKeywords>
                <MD_Keywords>
                    <keyword>
                        <gco:CharacterString>static</gco:CharacterString>
                    </keyword>
                    <keyword>
                        <gco:CharacterString>open data</gco:CharacterString>
                    </keyword>
                    <keyword>
                        <gco:CharacterString>planning</gco:CharacterString>
                    </keyword>
                    <keyword>
                        <gco:CharacterString>urban services</gco:CharacterString>
                    </keyword>
                    <keyword>
                        <gco:CharacterString>boundary</gco:CharacterString>
                    </keyword>
                    <keyword>
                        <gco:CharacterString>lfucg gis</gco:CharacterString>
                    </keyword>
                    <keyword>
                        <gco:CharacterString>lfucg</gco:CharacterString>
                    </keyword>
                    <keyword>
                        <gco:CharacterString>hub miscellaneous</gco:CharacterString>
                    </keyword>
                </MD_Keywords>
            </descriptiveKeywords>
            <descriptiveKeywords>
                <MD_Keywords>
                    <keyword>
                        <gco:CharacterString>static</gco:CharacterString>
                    </keyword>
                    <keyword>
                        <gco:CharacterString>open data</gco:CharacterString>
                    </keyword>
                    <keyword>
                        <gco:CharacterString>planning</gco:CharacterString>
                    </keyword>
                    <keyword>
                        <gco:CharacterString>urban services</gco:CharacterString>
                    </keyword>
                    <keyword>
                        <gco:CharacterString>boundary</gco:CharacterString>
                    </keyword>
                    <keyword>
                        <gco:CharacterString>lfucg gis</gco:CharacterString>
                    </keyword>
                    <keyword>
                        <gco:CharacterString>lfucg</gco:CharacterString>
                    </keyword>
                    <keyword>
                        <gco:CharacterString>hub miscellaneous</gco:CharacterString>
                    </keyword>
                </MD_Keywords>
            </descriptiveKeywords>
            <descriptiveKeywords>
                <MD_Keywords>
                    <keyword>
                        <gco:CharacterString>static</gco:CharacterString>
                    </keyword>
                    <keyword>
                        <gco:CharacterString>open data</gco:CharacterString>
                    </keyword>
                    <keyword>
                        <gco:CharacterString>planning</gco:CharacterString>
                    </keyword>
                    <keyword>
                        <gco:CharacterString>urban services</gco:CharacterString>
                    </keyword>
                    <keyword>
                        <gco:CharacterString>boundary</gco:CharacterString>
                    </keyword>
                    <keyword>
                        <gco:CharacterString>lfucg gis</gco:CharacterString>
                    </keyword>
                    <keyword>
                        <gco:CharacterString>lfucg</gco:CharacterString>
                    </keyword>
                    <keyword>
                        <gco:CharacterString>hub miscellaneous</gco:CharacterString>
                    </keyword>
                </MD_Keywords>
            </descriptiveKeywords>
            <descriptiveKeywords>
                <MD_Keywords>
                    <keyword>
                        <gco:CharacterString>static</gco:CharacterString>
                    </keyword>
                    <keyword>
                        <gco:CharacterString>open data</gco:CharacterString>
                    </keyword>
                    <keyword>
                        <gco:CharacterString>planning</gco:CharacterString>
                    </keyword>
                    <keyword>
                        <gco:CharacterString>urban services</gco:CharacterString>
                    </keyword>
                    <keyword>
                        <gco:CharacterString>boundary</gco:CharacterString>
                    </keyword>
                    <keyword>
                        <gco:CharacterString>lfucg gis</gco:CharacterString>
                    </keyword>
                    <keyword>
                        <gco:CharacterString>lfucg</gco:CharacterString>
                    </keyword>
                    <keyword>
                        <gco:CharacterString>hub miscellaneous</gco:CharacterString>
                    </keyword>
                </MD_Keywords>
            </descriptiveKeywords>
            <descriptiveKeywords>
                <MD_Keywords>
                    <keyword>
                        <gco:CharacterString>static</gco:CharacterString>
                    </keyword>
                    <keyword>
                        <gco:CharacterString>open data</gco:CharacterString>
                    </keyword>
                    <keyword>
                        <gco:CharacterString>planning</gco:CharacterString>
                    </keyword>
                    <keyword>
                        <gco:CharacterString>urban services</gco:CharacterString>
                    </keyword>
                    <keyword>
                        <gco:CharacterString>boundary</gco:CharacterString>
                    </keyword>
                    <keyword>
                        <gco:CharacterString>lfucg gis</gco:CharacterString>
                    </keyword>
                    <keyword>
                        <gco:CharacterString>lfucg</gco:CharacterString>
                    </keyword>
                    <keyword>
                        <gco:CharacterString>hub miscellaneous</gco:CharacterString>
                    </keyword>
                </MD_Keywords>
            </descriptiveKeywords>
            <descriptiveKeywords>
                <MD_Keywords>
                    <keyword>
                        <gco:CharacterString>static</gco:CharacterString>
                    </keyword>
                    <keyword>
                        <gco:CharacterString>open data</gco:CharacterString>
                    </keyword>
                    <keyword>
                        <gco:CharacterString>planning</gco:CharacterString>
                    </keyword>
                    <keyword>
                        <gco:CharacterString>urban services</gco:CharacterString>
                    </keyword>
                    <keyword>
                        <gco:CharacterString>boundary</gco:CharacterString>
                    </keyword>
                    <keyword>
                        <gco:CharacterString>lfucg gis</gco:CharacterString>
                    </keyword>
                    <keyword>
                        <gco:CharacterString>lfucg</gco:CharacterString>
                    </keyword>
                    <keyword>
                        <gco:CharacterString>hub miscellaneous</gco:CharacterString>
                    </keyword>
                </MD_Keywords>
            </descriptiveKeywords>
            <resourceConstraints>
                <MD_Constraints>
                    <useLimitation>
                        <gco:CharacterString>The TIGER/Line Shapefile products are not copyrighted however TIGER/Line and Census TIGER are registered trademarks of the U.S. Census Bureau. These products are free to use in a product or publication, however acknowledgement must be given to the U.S. Census Bureau as the source. The boundary information in the TIGER/Line Shapefiles are for statistical data collection and tabulation purposes only; their depiction and designation for statistical purposes does not constitute a determination of jurisdictional authority or rights of ownership or entitlement and they are not legal land descriptions.Coordinates in the TIGER/Line shapefiles have six implied decimal places, but the positional accuracy of these coordinates is not as great as the six decimal places suggest.</gco:CharacterString>
                    </useLimitation>
                </MD_Constraints>
            </resourceConstraints>
            <spatialRepresentationType>
                <MD_SpatialRepresentationTypeCode codeList="http://www.isotc211.org/2005/resources/Codelist/gmxCodelists.xml#MD_SpatialRepresentationTypeCode" codeListValue="vector" codeSpace="ISOTC211/19115">vector</MD_SpatialRepresentationTypeCode>
            </spatialRepresentationType>
            <language>
                <LanguageCode codeList="http://www.loc.gov/standards/iso639-2/php/code_list.php" codeListValue="eng" codeSpace="ISO639-2">eng</LanguageCode>
            </language>
            <characterSet>
                <MD_CharacterSetCode codeList="http://www.isotc211.org/2005/resources/Codelist/gmxCodelists.xml#MD_CharacterSetCode" codeListValue="utf8" codeSpace="ISOTC211/19115">utf8</MD_CharacterSetCode>
            </characterSet>
            <environmentDescription>
                <gco:CharacterString>ESRI ArcGIS 10.0.5.4400</gco:CharacterString>
            </environmentDescription>
            <extent>
                <EX_Extent>
                    <geographicElement>
                        <EX_GeographicBoundingBox>
                            <extentTypeCode>
                                <gco:Boolean>true</gco:Boolean>
                            </extentTypeCode>
                            <westBoundLongitude>
                                <gco:Decimal>-84.661304</gco:Decimal>
                            </westBoundLongitude>
                            <eastBoundLongitude>
                                <gco:Decimal>-84.282551</gco:Decimal>
                            </eastBoundLongitude>
                            <southBoundLatitude>
                                <gco:Decimal>37.844621</gco:Decimal>
                            </southBoundLatitude>
                            <northBoundLatitude>
                                <gco:Decimal>38.211516</gco:Decimal>
                            </northBoundLatitude>
                        </EX_GeographicBoundingBox>
                    </geographicElement>
                </EX_Extent>
            </extent>
        </MD_DataIdentification>
    </identificationInfo>
    <distributionInfo>
        <MD_Distribution>
            <distributionFormat>
                <MD_Format>
                    <name>
                        <gco:CharacterString>Feature Class</gco:CharacterString>
                    </name>
                    <version gco:nilReason="missing"/>
                </MD_Format>
            </distributionFormat>
            <distributor>
                <MD_Distributor>
                    <distributorContact gco:nilReason="missing"/>
                    <distributorFormat>
                        <MD_Format>
                            <name>
                                <gco:CharacterString>Feature Class</gco:CharacterString>
                            </name>
                            <version gco:nilReason="missing"/>
                        </MD_Format>
                    </distributorFormat>
                    <distributorTransferOptions>
                        <MD_DigitalTransferOptions/>
                    </distributorTransferOptions>
                </MD_Distributor>
            </distributor>
        </MD_Distribution>
    </distributionInfo>
</MD_Metadata>
